{"cameraMode":{"drawMode":0,"name":"Shaded","section":"Shading Mode"},"sceneLighting":false,"audioPlay":false,"sceneViewState":{"m_AlwaysRefresh":false,"showFog":true,"showSkybox":false,"showFlares":true,"showImageEffects":true,"showParticleSystems":true,"showVisualEffectGraphs":true,"m_FxEnabled":true},"in2DMode":false,"pivot":{"x":-1.1325511932373047,"y":1.5046424865722657,"z":-0.21588706970214845},"rotation":{"x":-0.10163452476263046,"y":0.890699028968811,"z":-0.24536731839179994,"w":-0.36893922090530398},"size":18.519447326660158,"orthographic":false}